CREATE TABLE
CREATE TABLE USER(ID INT, NAME CHAR);
SUCCESS
INSERT INTO USER VALUES(1,'ABCD');
SUCCESS
INSERT INTO USER VALUES(2,'AAAA');
SUCCESS
INSERT INTO USER VALUES(3,'AABB');
SUCCESS
INSERT INTO USER VALUES(4,'!@#$');
SUCCESS
INSERT INTO USER VALUES(5,'[][]');
SUCCESS
INSERT INTO USER VALUES(6,'A');
SUCCESS

SELECT * FROM USER;
1 | ABCD
2 | AAAA
3 | AABB
4 | !@#$
5 | [][]
6 | A
ID | NAME

LIKE TEST
SELECT * FROM USER WHERE NAME LIKE "A_C_";
ID | NAME
1 | ABCD
SELECT * FROM USER WHERE NAME LIKE "A%";
ID | NAME
1 | ABCD
2 | AAAA
6 | A
SELECT * FROM USER WHERE NAME LIKE "A%B";
ID | NAME
3 | AABB
SELECT * FROM USER WHERE NAME LIKE "[__]"
ID | NAME
5 | [][]
SELECT * FROM USER WHERE NAME LIKE "[%]"
ID | NAME
5 | [][]

NOT LIKE TEST
SELECT * FROM USER WHERE NAME NOT LIKE "A_C_";
ID | NAME
2 | AAAA
3 | AABB
4 | !@#$
5 | [][]
6 | A
SELECT * FROM USER WHERE NAME NOT LIKE "A%";
ID | NAME
3 | AABB
4 | !@#$
5 | [][]
SELECT * FROM USER WHERE NAME NOT LIKE "A%B";
ID | NAME
1 | ABCD
2 | AAAA
4 | !@#$
5 | [][]
6 | A
SELECT * FROM USER WHERE NAME NOT LIKE "[__]"
ID | NAME
1 | ABCD
2 | AAAA
3 | AABB
4 | !@#$
6 | A
SELECT * FROM USER WHERE NAME NOT LIKE "[%]"
ID | NAME
1 | ABCD
2 | AAAA
3 | AABB
4 | !@#$
6 | A
